<?xml version="1.0" encoding="UTF-8"?>
<project-private xmlns="http://www.netbeans.org/ns/project-private/1">
    <editor-bookmarks xmlns="http://www.netbeans.org/ns/editor-bookmarks/2" lastBookmarkId="0"/>
    <open-files xmlns="http://www.netbeans.org/ns/projectui-open-files/2">
        <group>
            <file>file:/C:/Users/Shahuraje/Desktop/mini%20project/ajp%20practice/Dairy%20Management%20System/src/dairy/management/system/MainPanel.java</file>
            <file>file:/C:/Users/Shahuraje/Desktop/mini%20project/ajp%20practice/Dairy%20Management%20System/src/dairy/management/system/Collection_Daily.java</file>
            <file>file:/C:/Users/Shahuraje/Desktop/mini%20project/ajp%20practice/Dairy%20Management%20System/src/Connection/DBConnection.java</file>
            <file>file:/C:/Users/Shahuraje/Desktop/mini%20project/ajp%20practice/Dairy%20Management%20System/src/dairy/management/system/SetRate.java</file>
            <file>file:/C:/Users/Shahuraje/Desktop/mini%20project/ajp%20practice/Dairy%20Management%20System/src/dairy/management/system/Set_Date.java</file>
            <file>file:/C:/Users/Shahuraje/Desktop/mini%20project/ajp%20practice/Dairy%20Management%20System/src/dairy/management/system/Cow_ratechart.java</file>
            <file>file:/C:/Users/Shahuraje/Desktop/mini%20project/ajp%20practice/Dairy%20Management%20System/src/dairy/management/system/collection2.java</file>
            <file>file:/C:/Users/Shahuraje/Desktop/mini%20project/ajp%20practice/Dairy%20Management%20System/src/dairy/management/system/Feed_sell.java</file>
            <file>file:/C:/Users/Shahuraje/Desktop/mini%20project/ajp%20practice/Dairy%20Management%20System/src/dairy/management/system/Buffalo_ratechart.java</file>
            <file>file:/C:/Users/Shahuraje/Desktop/mini%20project/ajp%20practice/Dairy%20Management%20System/src/dairy/management/system/Milk_Credit.java</file>
            <file>file:/C:/Users/Shahuraje/Desktop/mini%20project/ajp%20practice/Dairy%20Management%20System/src/dairy/management/system/Bill_Generate.java</file>
            <file>file:/C:/Users/Shahuraje/Desktop/mini%20project/ajp%20practice/Dairy%20Management%20System/src/dairy/management/system/member_register.java</file>
            <file>file:/C:/Users/Shahuraje/Desktop/mini%20project/ajp%20practice/Dairy%20Management%20System/src/dairy/management/system/Member_list.java</file>
            <file>file:/C:/Users/Shahuraje/Desktop/mini%20project/ajp%20practice/Dairy%20Management%20System/src/dairy/management/system/make_payment.java</file>
        </group>
    </open-files>
</project-private>
